74A78E,中兴
84742A,中兴
681AB2,中兴
6CA75F,中兴
709F2D,中兴
EC1D7F,中兴
34DE34,中兴
4CCBF5,中兴
78E8B6,中兴
B49842,中兴
8CE081,中兴
DC028E,中兴
48282F,中兴
343759,中兴
B805AB,中兴
74B57E,中兴
540955,中兴
981333,中兴
F8A34F,中兴
601466,中兴
30D386,中兴
D4C1C8,中兴
EC237B,中兴
C87B5B,中兴
98F537,中兴
0019C6,中兴
0015EB,中兴
98F428,中兴
54BE53,中兴
300C23,中兴
38D82F,中兴
D87495,中兴
344DEA,中兴
2C957F,中兴
146080,中兴
986CF5,中兴
CC7B35,中兴
F8DFA8,中兴
34E0CF,中兴
D476EA,中兴
789682,中兴
749781,中兴
E07C13,中兴
689FF0,中兴
28FF3E,中兴
48A74E,中兴
9C6F52,中兴
18686A,中兴
344B50,中兴
FCC897,中兴
9CD24B,中兴
C864C7,中兴
D0154A,中兴
AC6462,中兴
F4B8A7,中兴
90D8F3,中兴
78312B,中兴
A47E39,中兴
A8A668,中兴
0C1262,中兴
A0EC80,中兴
E0C3F3,中兴
F46DE2,中兴
C4A366,中兴
24C44A,中兴
D058A8,中兴
D071C4,中兴
F4E4AD,中兴
601888,中兴
4CAC0A,中兴
0026ED,中兴
002293,中兴
346987,中兴
44F436,中兴
D05BA8,中兴
D437D7,中兴
EC8A4C,中兴
208986,中兴
9CA9E4,中兴
E47723,中兴
6C8B2F,中兴
CC1AFA,中兴
F084C9,中兴
2C26C5,中兴
083FBC,中兴
6073BC,中兴
D0608C,中兴
688AF0,中兴
004A77,中兴
88D274,中兴
384608,中兴
B4B362,中兴
B075D5,中兴
08181A,中兴
002512,中兴
143EBF,中兴
94A7B7,中兴
3CDA2A,中兴
8C7967,中兴
D855A3,中兴
4C16F1,中兴
5422F8,中兴
901D27,中兴
30F31D,中兴
4C09B4,中兴
744AA4,中兴
10D0AB,中兴
90C7D8,中兴
FC2D5E,中兴
8CE117,中兴
64136C,中兴
A091C8,中兴
F41F88,中兴
78C1A7,中兴
049573,中兴
287B09,中兴
4859A4,中兴
006CFD,长虹
6488FF,长虹
1899F5,长虹
00E400,长虹
001449,长虹
D84710,长虹
982F3C,长虹
000347,英特尔
001175,英特尔
00AA01,英特尔
009027,英特尔
00A0C9,英特尔
0050F1,英特尔
00AA00,英特尔
00D0B7,英特尔
0002B3,英特尔
001111,英特尔
000CF1,英特尔
000E0C,英特尔
00AA02,英特尔
00207B,英特尔
000423,英特尔
F0D2F1,亚马逊
F0272D,亚马逊
74C246,亚马逊
A002DC,亚马逊
0C47C9,亚马逊
747548,亚马逊
AC63BE,亚马逊
FCA667,亚马逊
18742E,亚马逊
44650D,亚马逊
50F5DA,亚马逊
6854FD,亚马逊
40B4CD,亚马逊
84D6D0,亚马逊
34D270,亚马逊
B47C9C,亚马逊
286C07,小米
34CE00,小米
7811DC,小米
9C99A0,小米
185936,小米
98FAE3,小米
640980,小米
8CBEBE,小米
F8A45F,小米
C40BCB,小米
28E31F,小米
0C1DAF,小米
14F65A,小米
742344,小米
F0B429,小米
D4970B,小米
64CC2E,小米
B0E235,小米
38A4ED,小米
F48B32,小米
009EC8,小米
ACF7F3,小米
102AB3,小米
584498,小米
A086C6,小米
7C1DD9,小米
ACC1EE,小米
7802F8,小米
68DFDD,小米
C46AB7,小米
FC64BA,小米
2082C0,小米
3480B3,小米
7451BA,小米
64B473,小米
00EC0A,小米
242642,夏普
A0DDE5,夏普
34F62D,夏普
781C5A,夏普
6879ED,夏普
243184,夏普
9CC7D1,夏普
0022F3,夏普
001CEE,夏普
803896,夏普
2884FA,夏普
BCB181,夏普
00175C,夏普
08001F,夏普
8048A5,天翼
645D92,天翼
D44165,天翼
643AB1,天翼
78B84B,天翼
40F420,天翼
9C6121,天翼
E04FBD,天翼
ACE77B,天翼
FC372B,天翼
08010F,天翼
CCA260,天翼
44BA46,天翼
7CCC1F,天翼
908674,天翼
9C32A9,天翼
5C4A1F,天翼
185207,天翼
2C6373,天翼
B8224F,天翼
187532,天翼
68262A,天翼
E865D4,腾达
58D9D5,腾达
500FF5,腾达
CC2D21,腾达
D83214,腾达
B0DFC1,腾达
0840F3,腾达
502B73,腾达
B83A08,腾达
C83A35,腾达
382DE8,三星
D087E2,三星
205531,三星
5440AD,三星
50F0D3,三星
84119E,三星
08ECA9,三星
10D38A,三星
382DD1,三星
E0CBEE,三星
64B853,三星
F4428F,三星
188331,三星
8455A5,三星
A87C01,三星
C01173,三星
BCE63F,三星
B857D8,三星
94B10A,三星
E458B8,三星
088C2C,三星
B86CE8,三星
9C65B0,三星
C8A823,三星
C44202,三星
D059E4,三星
64B310,三星
9476B7,三星
8C1ABF,三星
B47443,三星
30CBF8,三星
182195,三星
A88195,三星
88ADD2,三星
D0FCCC,三星
849866,三星
E89309,三星
0016DB,三星
5C3C27,三星
10D542,三星
A0821F,三星
C45006,三星
BC79AD,三星
30D6C9,三星
B0DF3A,三星
805719,三星
78A873,三星
041BBA,三星
08FD0E,三星
08D42B,三星
00E3B2,三星
C81479,三星
F0728C,三星
94350A,三星
001FCD,三星
D0DFC7,三星
1C62B8,三星
18E2C2,三星
001A8A,三星
002567,三星
A8F274,三星
001599,三星
0012FB,三星
7CF854,三星
8CC8CD,三星
E81132,三星
A02195,三星
8C71F8,三星
04180F,三星
9463D1,三星
0CDFA4,三星
CC051B,三星
68EBAE,三星
60D0A9,三星
60A10A,三星
A07591,三星
001FCC,三星
EC107B,三星
A01081,三星
900628,三星
D4AE05,三星
3C0518,三星
78ABBB,三星
1816C9,三星
FC8F90,三星
244B03,三星
988389,三星
14BB6E,三星
1C3ADE,三星
F83F51,三星
D8E0E1,三星
5092B9,三星
B4BFF6,三星
C8D7B0,三星
F05A09,三星
503275,三星
28CC01,三星
B46293,三星
04FE31,三星
845181,三星
D831CF,三星
F8D0BD,三星
FCC734,三星
E4B021,三星
B0EC71,三星
3CBBFD,三星
2CAE2B,三星
C488E5,三星
7C9122,三星
E8B4C8,三星
18895B,三星
E0DB10,三星
E09971,三星
680571,三星
6C2F2C,三星
9C2A83,三星
E45D75,三星
E4FAED,三星
54F201,三星
A06090,三星
141F78,三星
006F64,三星
DC6672,三星
001E7D,三星
3C6200,三星
002399,三星
E4E0C5,三星
E8039A,三星
C4731E,三星
8C7712,三星
0007AB,三星
0021D2,三星
BC4760,三星
D0176A,三星
2CBABA,三星
24920E,三星
40D3AE,三星
24DBED,三星
AC3613,三星
9852B1,三星
1489FD,三星
CCFE3C,三星
789ED0,三星
E440E2,三星
1CAF05,三星
E492FB,三星
BC4486,三星
380B40,三星
002490,三星
0023D7,三星
FCA13E,三星
A00798,三星
945103,三星
C819F7,三星
2C4401,三星
14568E,三星
24F5AA,三星
F877B8,三星
5056BF,三星
682737,三星
9097F3,三星
58C5CB,三星
ACAFB9,三星
5C5181,三星
389AF6,三星
E0AA96,三星
507705,三星
2C4053,三星
30D587,三星
389496,三星
0CB319,三星
08EE8B,三星
A89FBA,三星
FC1910,三星
083D88,三星
5C2E59,三星
646CB2,三星
F884F2,三星
14B484,三星
608F5C,三星
4CBCA5,三星
78595E,三星
B0D09C,三星
4CA56D,三星
A48431,三星
E4F8EF,三星
1432D1,三星
E458E7,三星
8CBFA6,三星
9000DB,三星
183A2D,三星
08373D,三星
50F520,三星
A4EBD3,三星
28987B,三星
F40E22,三星
9C3AAF,三星
0821EF,三星
A0CBFD,三星
34145F,三星
509EA7,三星
DCCF96,三星
D85B2A,三星
ACC33A,三星
0017D5,三星
001247,三星
E4121D,三星
684898,三星
002339,三星
D487D8,三星
184617,三星
5001BB,三星
380A94,三星
D857EF,三星
1C66AA,三星
58C38B,三星
001EE2,三星
001C43,三星
001D25,三星
3C5A37,三星
549B12,三星
3C8BFE,三星
00265D,三星
D4E8B2,三星
0808C2,三星
B0C4E7,三星
D890E8,三星
34AA8B,三星
24C696,三星
181EB0,三星
20D390,三星
343111,三星
34BE00,三星
78521A,三星
7825AD,三星
F4D9FB,三星
0017C9,三星
00166B,三星
00166C,三星
E47CF9,三星
002454,三星
20D5BF,三星
30CDA7,三星
C87E75,三星
00233A,三星
60A4D0,三星
7C787E,三星
C0D3C0,三星
54FA3E,三星
B8BBAF,三星
60C5AD,三星
28395E,三星
C4AE12,三星
0C8910,三星
FCF136,三星
981DFA,三星
84A466,三星
1867B0,三星
CCB11A,三星
DC74A8,三星
C087EB,三星
7C2EDD,三星
3CF7A4,三星
342D0D,三星
ACEE9E,三星
C08997,三星
2827BF,三星
F05B7B,三星
7CF90E,三星
AC5A14,三星
B0C559,三星
BCD11F,三星
A0B4A5,三星
80656D,三星
48137E,三星
E83A12,三星
9C0298,三星
6C8336,三星
B8C68E,三星
74458A,三星
A49A58,三星
B4EF39,三星
14A364,三星
3CA10D,三星
206E9C,三星
183F47,三星
0C715D,三星
0C1420,三星
A80600,三星
6CF373,三星
78C3E9,三星
C83870,三星
288335,三星
44783E,三星
202D07,三星
98398E,三星
348A7B,三星
BC765E,三星
78009E,三星
F8E61A,三星
888322,三星
84B541,三星
0015B9,三星
001DF6,三星
ECE09B,三星
606BBD,三星
0000F0,三星
4844F7,三星
1C5A3E,三星
F47B5E,三星
008701,三星
FC4203,三星
1C232C,三星
F06BCA,三星
BC20A4,三星
14F42A,三星
BC851F,三星
B85E7B,三星
C462EA,三星
0023D6,三星
002491,三星
001B98,三星
44F459,三星
34C3AC,三星
94D771,三星
4C3C16,三星
9401C2,三星
B43A28,三星
D0C1B1,三星
F008F1,三星
78471D,三星
3816D1,三星
D48890,三星
002566,三星
00265F,三星
3096FB,三星
F0EE10,三星
C4576E,三星
90F1AA,三星
78BDBC,三星
D47AE2,三星
84C0EF,三星
7C1C68,三星
9CD35B,三星
60AF6D,三星
B85A73,三星
103047,三星
109266,三星
B047BF,三星
7C0BC6,三星
244B81,三星
50A4C8,三星
8425DB,三星
D8C4E9,三星
50C8E5,三星
446D6C,三星
38D40B,三星
647791,三星
781FDB,三星
08FC88,三星
30C7AE,三星
18227E,三星
00F46F,三星
9CE6E7,三星
70288B,三星
4849C7,三星
205EF7,三星
182666,三星
C06599,三星
CC07AB,三星
E84E84,三星
50FC9F,三星
E432CB,三星
889B39,三星
BCB1F3,三星
38ECE4,三星
CCF9E8,三星
F0E77E,三星
5CE8EB,三星
B8D9CE,三星
70F927,三星
301966,三星
28BAB5,三星
103B59,三星
6CB7F4,三星
001EE1,三星
0018AF,三星
BC72B1,三星
78F7BE,三星
F49F54,三星
00214C,三星
001632,三星
D0667B,三星
001377,三星
50B7C3,三星
8018A7,三星
444E1A,三星
E8E5D6,三星
5492BE,三星
101DC0,三星
0021D1,三星
5C9960,三星
948BC1,三星
4827EA,三星
40163B,三星
5C497D,三星
E47DBD,三星
503DA1,三星
508569,三星
1077B1,三星
5CF6DC,三星
380195,三星
BC1485,三星
947BE7,三星
54BD79,三星
DC44B6,三星
1007B6,三星
4C6641,三星
88329B,三星
BC8CCD,三星
EC9BF3,三星
F8042E,三星
843838,三星
54880E,三星
C0BDD1,三星
E8508B,三星
F025B7,三星
C8BA94,三星
EC1F72,三星
8CF5A3,三星
30074D,三星
AC5F3E,三星
C09727,三星
F409D8,三星
B479A7,三星
2C0E3D,三星
3423BA,三星
D022BE,三星
D02544,三星
840B2D,三星
000278,三星
78D6F0,三星
B407F9,三星
90187C,三星
FC1F19,三星
50CCF8,三星
980C82,三星
002119,三星
5C0A5B,三星
CC3A61,三星
DC7144,三星
A00BBA,三星
38AA3C,三星
206432,三星
002637,三星
5CA39D,三星
00CDFE,苹果
18AF61,苹果
CC4463,苹果
6C72E7,苹果
CCC760,苹果
087402,苹果
285AEB,苹果
28F076,苹果
44D884,苹果
EC852F,苹果
286ABA,苹果
705681,苹果
7CD1C3,苹果
F0DCE2,苹果
B065BD,苹果
A82066,苹果
BC6778,苹果
68967B,苹果
848506,苹果
B4F0AB,苹果
10DDB1,苹果
04F7E4,苹果
34C059,苹果
F0D1A9,苹果
F82793,苹果
ACFDEC,苹果
D0E140,苹果
8C7C92,苹果
7831C1,苹果
F437B7,苹果
54AE27,苹果
6476BA,苹果
84B153,苹果
783A84,苹果
2CBE08,苹果
24E314,苹果
60FEC5,苹果
00A040,苹果
BC3BAF,苹果
786C1C,苹果
041552,苹果
38484C,苹果
701124,苹果
C86F1D,苹果
685B35,苹果
380F4A,苹果
04DB56,苹果
881FA1,苹果
04E536,苹果
109ADD,苹果
40A6D9,苹果
7CF05F,苹果
A4B197,苹果
0C74C2,苹果
403004,苹果
4860BC,苹果
50EAD6,苹果
28E02C,苹果
60C547,苹果
7C11BE,苹果
003EE1,苹果
68D93C,苹果
2CF0EE,苹果
84788B,苹果
6C94F8,苹果
703EAC,苹果
C01ADA,苹果
34363B,苹果
C81EE7,苹果
9CFC01,苹果
000D93,苹果
001CB3,苹果
64B9E8,苹果
34159E,苹果
58B035,苹果
F0B479,苹果
ACBC32,苹果
AC61EA,苹果
38B54D,苹果
A4F1E8,苹果
90C1C6,苹果
70A2B3,苹果
4C57CA,苹果
68FB7E,苹果
9CF48E,苹果
FCD848,苹果
70700D,苹果
7C5049,苹果
D4619D,苹果
B0481A,苹果
DCA904,苹果
48A195,苹果
6CAB31,苹果
503237,苹果
0CD746,苹果
440010,苹果
E498D6,苹果
606944,苹果
0452F3,苹果
241EEB,苹果
F431C3,苹果
64A5C3,苹果
CC08E0,苹果
5855CA,苹果
8C7B9D,苹果
88C663,苹果
C82A14,苹果
9803D8,苹果
8C5877,苹果
3451C9,苹果
E0B9BA,苹果
D023DB,苹果
B88D12,苹果
B817C2,苹果
68A86D,苹果
78A3E4,苹果
BC926B,苹果
003065,苹果
000A27,苹果
001451,苹果
002312,苹果
002332,苹果
002436,苹果
00254B,苹果
0026BB,苹果
E80688,苹果
985AEB,苹果
2078F0,苹果
78D75F,苹果
E0ACCB,苹果
98E0D9,苹果
C0CECD,苹果
70E72C,苹果
D03311,苹果
C8B5B7,苹果
A8BBCF,苹果
90B21F,苹果
B8E856,苹果
B418D1,苹果
80006E,苹果
60D9C7,苹果
C8F650,苹果
1C1AC0,苹果
E06678,苹果
5C8D4E,苹果
64A3CB,苹果
44FB42,苹果
F41BA1,苹果
3CE072,苹果
E88D28,苹果
CC785F,苹果
AC3C0B,苹果
88CB87,苹果
EC3586,苹果
F0C1F1,苹果
F4F951,苹果
18AF8F,苹果
C0F2FB,苹果
00F76F,苹果
AC87A3,苹果
48437C,苹果
34A395,苹果
9CF387,苹果
A85B78,苹果
908D6C,苹果
0C1539,苹果
BC4CC4,苹果
0CBC9F,苹果
A45E60,苹果
680927,苹果
60FACD,苹果
1CABA7,苹果
8CFABA,苹果
5C95AE,苹果
E0C97A,苹果
BC52B7,苹果
14109F,苹果
542696,苹果
D8D1CB,苹果
5CADCF,苹果
006D52,苹果
1C9E46,苹果
E0C767,苹果
A860B6,苹果
24F094,苹果
90B0ED,苹果
C4B301,苹果
E05F45,苹果
483B38,苹果
404D7F,苹果
7C04D0,苹果
BC9FEF,苹果
8866A5,苹果
784F43,苹果
88E87F,苹果
B853AC,苹果
2C3361,苹果
70F087,苹果
886B6E,苹果
4C74BF,苹果
5CF938,苹果
3871DE,苹果
BC5436,苹果
00C610,苹果
70DEE2,苹果
182032,苹果
6CC26B,苹果
1040F3,苹果
FC253F,苹果
183451,苹果
C0847A,苹果
64200C,苹果
74E1B6,苹果
0C771A,苹果
00F4B9,苹果
C8334B,苹果
B8F6B1,苹果
C09F42,苹果
189EFC,苹果
6C3E6D,苹果
7CFADF,苹果
101C0C,苹果
001124,苹果
001D4F,苹果
001F5B,苹果
001FF3,苹果
00236C,苹果
002500,苹果
60FB42,苹果
F81EDF,苹果
90840D,苹果
D8A25E,苹果
C8BCC8,苹果
28E7CF,苹果
D89E3F,苹果
040CCE,苹果
A4D1D2,苹果
406C8F,苹果
649ABE,苹果
94E96A,苹果
AC293A,苹果
10417F,苹果
7014A6,苹果
A8667F,苹果
D02598,苹果
CC29F5,苹果
6C709F,苹果
0C3E9F,苹果
34E2FD,苹果
609217,苹果
8863DF,苹果
80E650,苹果
006171,苹果
90FD61,苹果
5C97F3,苹果
6C4008,苹果
24A074,苹果
F02475,苹果
20A2E4,苹果
5CF5DA,苹果
28E14C,苹果
54E43A,苹果
C8E0EB,苹果
A88808,苹果
907240,苹果
0C4DE9,苹果
D89695,苹果
0C3021,苹果
F0F61C,苹果
B03495,苹果
848E0C,苹果
8C2DAA,苹果
444C0C,苹果
84FCFE,苹果
E48B7F,苹果
5C969D,苹果
A8FAD8,苹果
949426,苹果
E0F5C6,苹果
B844D9,苹果
DC2B2A,苹果
9C4FDA,苹果
1C5CF2,苹果
E49A79,苹果
28A02B,苹果
B44BD2,苹果
B48B19,苹果
ECADB8,苹果
9801A7,苹果
2CF0A2,苹果
609AC1,苹果
F07960,苹果
9C8BA0,苹果
4C3275,苹果
E4E4AB,苹果
58404E,苹果
DC0C5C,苹果
2C200B,苹果
DCA4CA,苹果
8C8FE9,苹果
B49CDF,苹果
6C8DC1,苹果
38CADA,苹果
68DBCA,苹果
044BED,苹果
A4D18C,苹果
CC25EF,苹果
7CC537,苹果
70CD60,苹果
24AB81,苹果
581FAA,苹果
A46706,苹果
3C0754,苹果
E4CE8F,苹果
E8040B,苹果
B8C75D,苹果
403CFC,苹果
286AB8,苹果
7CC3A1,苹果
B8782E,苹果
000502,苹果
0010FA,苹果
000393,苹果
0016CB,苹果
0017F2,苹果
001B63,苹果
001EC2,苹果
002608,苹果
7C6D62,苹果
40D32D,苹果
D83062,苹果
C42C03,苹果
789F70,苹果
DC3714,苹果
40331A,苹果
94F6A3,苹果
D81D72,苹果
70ECE4,苹果
38C986,苹果
FCFC48,苹果
A4C361,苹果
AC7F3E,苹果
280B5C,苹果
90B931,苹果
24A2E1,苹果
80EA96,苹果
600308,苹果
04F13E,苹果
54724F,苹果
48746E,苹果
3CAB8E,苹果
7C6DF8,苹果
48D705,苹果
3CD0F8,苹果
98D6BB,苹果
4CB199,苹果
64E682,苹果
804971,苹果
98FE94,苹果
D8004D,苹果
98B8E3,苹果
80929F,苹果
885395,苹果
9C04EB,苹果
78FD94,苹果
C88550,苹果
D4F46F,苹果
60F81D,苹果
4C7C5F,苹果
48E9F1,苹果
FCE998,苹果
F099BF,苹果
68644B,苹果
A8968A,苹果
4C8D79,苹果
207D74,苹果
F4F15A,苹果
042665,苹果
2CB43A,苹果
689C70,苹果
087045,苹果
209BCD,苹果
F0B0E7,苹果
CC20E8,苹果
F45C89,苹果
BCEC5D,苹果
DC415F,苹果
30636B,苹果
0C5101,苹果
086D41,苹果
04D3CF,苹果
203CAE,苹果
748D08,苹果
A03BE3,苹果
64B0A6,苹果
84FCAC,苹果
6C19C0,苹果
20AB37,苹果
186590,苹果
C0D012,苹果
D4DCCD,苹果
484BAA,苹果
F80377,苹果
14BD61,苹果
28ED6A,苹果
34AB37,苹果
60A37D,苹果
0056CD,苹果
7081EB,苹果
086698,苹果
9060F1,苹果
741BB2,苹果
28CFE9,苹果
E425E7,苹果
080007,苹果
000A95,苹果
002241,苹果
0023DF,苹果
0025BC,苹果
00264A,苹果
0026B0,苹果
D49A20,苹果
60334B,苹果
A43135,苹果
9C35EB,苹果
507A55,苹果
A0999B,苹果
24240E,苹果
903C92,苹果
341298,苹果
9C293F,苹果
A88E24,苹果
E8802E,苹果
68AE20,苹果
E0B52D,苹果
80BE05,苹果
D8BB2C,苹果
D04F7E,苹果
2C1F23,苹果
549F13,苹果
B8098A,苹果
F0DBE2,苹果
18EE69,苹果
748114,苹果
18F643,苹果
D0A637,苹果
A01828,苹果
D0034B,苹果
5C5948,苹果
78CA39,苹果
18E7F4,苹果
B8FF61,苹果
DC2B61,苹果
442A60,苹果
E0F847,苹果
145A05,苹果
28CFDA,苹果
148FC6,苹果
283737,苹果
045453,苹果
F0CBA1,苹果
C06394,苹果
8C006D,苹果
B09FBA,苹果
DC86D8,苹果
8C2937,苹果
DC9B9C,苹果
98F0AB,苹果
F0DBF8,苹果
ACCF5C,苹果
3C15C2,苹果
04489A,苹果
D8CF9C,苹果
30F7C5,苹果
008865,苹果
40B395,苹果
3090AB,苹果
1CE62B,苹果
A0EDCD,苹果
A886DD,苹果
54EAA8,苹果
E4C63D,苹果
843835,苹果
7073CB,苹果
9C207B,苹果
842999,苹果
74E2F5,苹果
20C9D0,苹果
7C0191,苹果
70480F,苹果
A4B805,苹果
587F57,苹果
80D605,苹果
C869CD,苹果
BC6C21,苹果
0469F8,苹果
20768F,苹果
C0CCF8,苹果
80ED2C,苹果
E8B2AC,苹果
8489AD,苹果
8C8EF2,苹果
F40F24,苹果
84A134,苹果
1C9148,苹果
5CF7E6,苹果
A0D795,苹果
CC088D,苹果
B0702D,苹果
D0C5F3,苹果
60F445,苹果
00B362,苹果
F86214,苹果
5082D5,苹果
9C84BF,苹果
48BF6B,苹果
245BA7,苹果
BCA920,苹果
002492,摩托罗拉
4CCC34,摩托罗拉
806C1B,摩托罗拉
A470D6,摩托罗拉
F4F524,摩托罗拉
84100D,摩托罗拉
5C5188,摩托罗拉
E89120,摩托罗拉
E09861,摩托罗拉
F4F1E1,摩托罗拉
60BEB5,摩托罗拉
8058F8,摩托罗拉
F0D7AA,摩托罗拉
24DA9B,摩托罗拉
1C56FE,摩托罗拉
E4907E,摩托罗拉
F8CFC5,摩托罗拉
9CD917,摩托罗拉
9068C3,摩托罗拉
408805,摩托罗拉
F8F1B6,摩托罗拉
88797E,摩托罗拉
A89675,摩托罗拉
4480EB,摩托罗拉
EC8892,摩托罗拉
B07994,摩托罗拉
141AA3,摩托罗拉
CCC3EA,摩托罗拉
34BB26,摩托罗拉
40786A,摩托罗拉
68C44D,摩托罗拉
CC61E5,摩托罗拉
D463C6,摩托罗拉
F8E079,摩托罗拉
1430C6,摩托罗拉
E0757D,摩托罗拉
000EC7,摩托罗拉
482CEA,摩托罗拉
002075,摩托罗拉
4888CA,摩托罗拉
D0F88C,摩托罗拉
7C4685,摩托罗拉
64DB43,摩托罗拉
980CA5,摩托罗拉
542758,摩托罗拉
90F052,魅族
38BC1A,魅族
005907,联想
98FFD0,联想
503CC4,联想
70720D,联想
D4223F,联想
1436C6,联想
6C5F1C,联想
149FE8,联想
AC3870,联想
CC07E4,联想
C8DDC9,联想
80CF41,联想
EC89F5,联想
0012FE,联想
60D9A0,联想
88708C,联想
D87157,联想
74042B,联想
E02CB2,联想
207693,联想
A03299,联想
A48CDB,联想
847303,乐视
48AD08,华为
2CAB00,华为
00E0FC,华为
24DF6A,华为
009ACD,华为
8038BC,华为
D440F0,华为
64A651,华为
E8CD2D,华为
ACE215,华为
EC233D,华为
78F5FD,华为
80B686,华为
10C61F,华为
8853D4,华为
0C37DC,华为
BC7670,华为
24DBAC,华为
0C45BA,华为
CCA223,华为
E8088B,华为
60E701,华为
AC853D,华为
74882A,华为
78D752,华为
E0247F,华为
00464B,华为
707BE8,华为
548998,华为
0819A6,华为
3CF808,华为
B41513,华为
283152,华为
DCD2FC,华为
285FDB,华为
404D8E,华为
781DBA,华为
D03E5C,华为
F898B9,华为
2CCF58,华为
E4C2D1,华为
88A2D7,华为
3C4711,华为
D0D04B,华为
9C52F8,华为
900325,华为
DC094C,华为
DCEE06,华为
58605F,华为
8828B3,华为
C4F081,华为
801382,华为
483C0C,华为
2C9D1E,华为
C88D83,华为
F04347,华为
9CB2B2,华为
84BE52,华为
F09838,华为
18DED7,华为
C80CC8,华为
0425C5,华为
DCC64B,华为
043389,华为
A0A33B,华为
A0086F,华为
C4FF1F,华为
5C0339,华为
044F4C,华为
1C151F,华为
A8CA7B,华为
ACCF85,华为
EC4D47,华为
88CF98,华为
D8490B,华为
888603,华为
F8E811,华为
E09796,华为
CCCC81,华为
101B54,华为
7054F5,华为
D07AB5,华为
C40528,华为
3CDFBD,华为
14B968,华为
80717A,华为
F49FF3,华为
84DBAC,华为
C07009,华为
E0191D,华为
B8BC1B,华为
241FA0,华为
50A72B,华为
C85195,华为
00F81C,华为
F4559C,华为
283CE4,华为
08E84F,华为
04BD70,华为
18C58A,华为
04C06F,华为
5C4CA9,华为
4C5499,华为
00259E,华为
001882,华为
D494E8,华为
4455B1,华为
30F335,华为
745AAA,华为
7C1CF1,华为
74A528,华为
94DBDA,华为
384C4F,华为
E4A8B6,华为
244C07,华为
94FE22,华为
F823B2,华为
DCD916,华为
08C021,华为
48435A,华为
9CE374,华为
049FCA,华为
C81FBE,华为
203DB2,华为
48D539,华为
14A51A,华为
B08900,华为
8C0D76,华为
005A13,华为
A4C64F,华为
487B6B,华为
80D4A5,华为
38BC01,华为
04B0E7,华为
446A2E,华为
2C55D3,华为
F44C7F,华为
143004,华为
14A0F8,华为
28B448,华为
B05508,华为
4CFB45,华为
A4BA76,华为
7CB15D,华为
34CDBE,华为
D46AA8,华为
5439DF,华为
4846FB,华为
200BC7,华为
104780,华为
88E3AB,华为
00664B,华为
68A0F6,华为
5CF96A,华为
B43052,华为
88CEFA,华为
582AF7,华为
F48E92,华为
40CBA8,华为
087A4C,华为
D46E5C,华为
2469A5,华为
C8D15E,华为
F83DFF,华为
308730,华为
002568,华为
30D17E,华为
9C28EF,华为
7C6097,华为
60DE44,华为
3400A3,华为
643E8C,华为
E03676,华为
7CA23E,华为
E8BDD1,华为
FCE33C,华为
249EAB,华为
74A063,华为
14D11F,华为
54511B,华为
E47E66,华为
9C741A,华为
E0A3AC,华为
042758,华为
5CA86A,华为
48FD8E,华为
244427,华为
18D276,华为
4CF95D,华为
8421F1,华为
707990,华为
3CFA43,华为
145F94,华为
C0BFC0,华为
A08CF8,华为
C894BB,华为
D0FF98,华为
5004B8,华为
10B1F8,华为
F87588,华为
BC3F8F,华为
28A6DB,华为
8C2505,华为
6416F0,华为
48DB50,华为
2400BA,华为
A08D16,华为
E84DD0,华为
240995,华为
247F3C,华为
1C8E5C,华为
94772B,华为
F4E3FB,华为
04021F,华为
0034FE,华为
D02DB3,华为
086361,华为
F80113,华为
70723C,华为
5C7D5E,华为
4C8BEF,华为
20F3A3,华为
ACE87B,华为
688F84,华为
ECCB30,华为
786A89,华为
2008ED,华为
509F27,华为
CC96A0,华为
54A51B,华为
F4C714,华为
286ED4,华为
04F938,华为
FC48EF,华为
80FB06,华为
D4B110,华为
CC53B5,华为
EC388F,华为
BC9C31,华为
E435C8,华为
F8BF09,华为
5CB395,华为
9C37F4,华为
BC620E,华为
78F557,华为
E02861,华为
C4473F,华为
D4612E,华为
1C6758,华为
BC7574,华为
20A680,华为
34A2A2,华为
20F17C,华为
34B354,华为
749D8F,华为
346AC2,华为
50016B,华为
307496,华为
708A09,华为
149D09,华为
F4CB52,华为
446EE5,华为
A8C83A,华为
849FB5,华为
9C7DA3,华为
F02FA7,华为
883FD3,华为
341E6B,华为
B0E5ED,华为
C81451,华为
C486E9,华为
D8C771,华为
F0C850,华为
5425EA,华为
68CC6E,华为
84A9C4,华为
A0F479,华为
0C8FFF,华为
54B121,华为
786256,华为
A80C63,华为
5CC307,华为
7C7D3D,华为
B05B67,华为
38F889,华为
F4DCF9,华为
904E2B,华为
0C96BF,华为
9CC172,华为
70A8E3,华为
F84ABF,华为
4CB16C,华为
4C1FCC,华为
486276,华为
AC4E91,华为
E468A3,华为
80D09B,华为
581F28,华为
8C34FD,华为
90671C,华为
587F66,华为
BC25E0,华为
C4072F,华为
0CD6BD,华为
A49947,华为
346BD3,华为
1C1D67,华为
84A8E4,华为
202BC1,华为
105172,华为
9017AC,华为
94049C,华为
68A828,华为
A4DCBE,华为
6889C1,华为
845B12,华为
D4F9A1,华为
5CB43E,华为
04FE8D,华为
480031,华为
98E7F5,华为
24BCF8,华为
FC3F7C,华为
608334,华为
84AD58,华为
50680A,华为
600810,华为
AC6175,华为
7C11CB,华为
A4CAA0,华为
5001D9,华为
44C346,华为
884477,华为
047503,华为
886639,华为
A47174,华为
D4A148,华为
D065CA,华为
8CEBC6,华为
B808D7,华为
407D0F,华为
3C678C,华为
D06F82,华为
844765,华为
A8A648,海信
BC6010,海信
1C7B23,海信
90CF7D,海信
C816BD,海信
340AFF,海信
8C9F3B,海信
08D0B7,海信
BCAD28,海康威视
A41437,海康威视
4419B6,海康威视
C056E3,海康威视
2857BE,海康威视
54C415,海康威视
1868CB,海康威视
C42F90,海康威视
3C5AB4,谷歌
001A11,谷歌
546009,谷歌
A47733,谷歌
94EB2C,谷歌
98D293,谷歌
703ACB,谷歌
F4F5D8,谷歌
F4F5E8,谷歌
F88FCA,谷歌
9495A0,谷歌
F40304,谷歌
D86C63,谷歌
E0508B,大华
9002A9,大华
3CEF8C,大华
4C11BF,大华
14A78B,大华
B40B44,锤子
001981,Vivo
0002D1,Vivo
64B64A,vivo
F42981,vivo
3CA348,vivo
28FAA0,vivo
3CB6B7,vivo
5419C8,vivo
F4B7B3,vivo
10F681,vivo
F01B6C,vivo
DC1AC5,vivo
205D47,vivo
9CFBD5,vivo
E45AA2,vivo
ECDF3A,vivo
F470AB,vivo
70788B,vivo
C46699,vivo
FC1A11,vivo
E0DDC0,vivo
886AB1,vivo
18E29F,vivo
0823B2,vivo
6091F3,vivo
BC2F3D,vivo
C4ABB2,vivo
94147A,vivo
9CA5C0,vivo
1CDA27,vivo
70D923,vivo
101212,vivo
0022DE,OPPO
E8BBA8,oppo
BC3AEA,oppo
8C0EE3,oppo
6C5C14,oppo
ECF342,oppo
B0AA36,oppo
2C5BB8,oppo
1C48CE,oppo
A81B5A,oppo
DC6DCD,oppo
440444,oppo
C09F05,oppo
CC2D83,oppo
38295A,oppo
4C1A3D,oppo
986F60,oppo
4C189A,oppo
3CF591,oppo
602101,oppo
308454,oppo
94D029,oppo
A43D78,oppo
EC01EE,oppo
B83765,oppo
A09347,oppo
C8F230,oppo
1C77F6,oppo
E44790,oppo
D4503F,oppo
88D50C,oppo
807ABF,HTC
90E7C4,HTC
7C6193,HTC
2C8A72,HTC
980D2E,HTC
A826D9,HTC
D4206D,HTC
188796,HTC
002376,HTC
04C23E,HTC
00EEBD,HTC
AC3743,HTC
00092D,HTC
F8DB7F,HTC
E899C4,HTC
800184,HTC
502E5C,HTC
847A88,HTC
74F61C,HTC
38E7D8,HTC
D8B377,HTC
B4CEF6,HTC
D40B1A,HTC
1CB094,HTC
A0F450,HTC
902155,HTC
64A769,HTC
BCCFCC,HTC